id,nom_station,nom_dept,nom_com,insee_com,code_station,typologie,influence,nom_poll,id_poll_ue,valeur,unite,metrique,date_debut,date_fin,statut_valid,x,y,x_reglementaire,y_reglementaire,the_geom,ObjectId
1,Lislet Geoffroy,LA REUNION,Saint-Denis,97411,FR38001,urbaine,"Pollution de fond, trafic routier et embruns marins",Monoxyde d'azote,38,1,µg.m-3,mensuelle,2018-11-01T04:00:00.000Z,2018-12-01T03:59:00.000Z,A,55.4691,-20.8898,55.4691,-20.8898,0101000020E6100000DC4603780BBC4B4016FBCBEEC9E334C0,1
2,Lislet Geoffroy,LA REUNION,Saint-Denis,97411,FR38001,urbaine,"Pollution de fond, trafic routier et embruns marins",Particules PM10,5,13,µg.m-3,mensuelle,2018-11-01T04:00:00.000Z,2018-12-01T03:59:00.000Z,A,55.4691,-20.8898,55.4691,-20.8898,0101000020E6100000DC4603780BBC4B4016FBCBEEC9E334C0,2
3,Lislet Geoffroy,LA REUNION,Saint-Denis,97411,FR38001,urbaine,"Pollution de fond, trafic routier et embruns marins",Dioxyde d'azote,8,6,µg.m-3,mensuelle,2018-11-01T04:00:00.000Z,2018-12-01T03:59:00.000Z,A,55.4691,-20.8898,55.4691,-20.8898,0101000020E6100000DC4603780BBC4B4016FBCBEEC9E334C0,3
4,Montgaillard,LA REUNION,Saint-Denis,97411,FR38002,périurbaine,Pollution de fond et regionale,Ozone,7,37,µg.m-3,mensuelle,2018-11-01T04:00:00.000Z,2018-12-01T03:59:00.000Z,A,55.4683,-20.9033,55.4684,-20.9033,0101000020E6100000C05B2041F1BB4B40107A36AB3EE734C0,4
5,Joinville,LA REUNION,Saint-Denis,97411,FR38008,urbaine,"Pollution de fond, trafic routier et embruns marins",Monoxyde d'azote,38,2,µg.m-3,mensuelle,2018-11-01T04:00:00.000Z,2018-12-01T03:59:00.000Z,A,55.4539,-20.8846,55.4539,-20.8846,0101000020E6100000C3D32B6519BA4B40A60A462575E234C0,5
6,Joinville,LA REUNION,Saint-Denis,97411,FR38008,urbaine,"Pollution de fond, trafic routier et embruns marins",Dioxyde d'azote,8,6,µg.m-3,mensuelle,2018-11-01T04:00:00.000Z,2018-12-01T03:59:00.000Z,A,55.4539,-20.8846,55.4539,-20.8846,0101000020E6100000C3D32B6519BA4B40A60A462575E234C0,6
7,Joinville,LA REUNION,Saint-Denis,97411,FR38008,urbaine,"Pollution de fond, trafic routier et embruns marins",Ozone,7,35,µg.m-3,mensuelle,2018-11-01T04:00:00.000Z,2018-12-01T03:59:00.000Z,A,55.4539,-20.8846,55.4539,-20.8846,0101000020E6100000C3D32B6519BA4B40A60A462575E234C0,7
8,Joinville,LA REUNION,Saint-Denis,97411,FR38008,urbaine,"Pollution de fond, trafic routier et embruns marins",Dioxyde de soufre,1,1,µg.m-3,mensuelle,2018-11-01T04:00:00.000Z,2018-12-01T03:59:00.000Z,A,55.4539,-20.8846,55.4539,-20.8846,0101000020E6100000C3D32B6519BA4B40A60A462575E234C0,8
9,La Marine,LA REUNION,Sainte-Suzanne,97420,FR38009,industrielle,"Industrielle (ABR), trafic routier et embruns marins",Monoxyde d'azote,38,1,µg.m-3,mensuelle,2018-11-01T04:00:00.000Z,2018-12-01T03:59:00.000Z,A,55.6189,-20.9106,55.6189,-20.9106,0101000020E610000048BF7D1D38CF4B40D3BCE3141DE934C0,9
10,La Marine,LA REUNION,Sainte-Suzanne,97420,FR38009,industrielle,"Industrielle (ABR), trafic routier et embruns marins",Dioxyde d'azote,8,4,µg.m-3,mensuelle,2018-11-01T04:00:00.000Z,2018-12-01T03:59:00.000Z,A,55.6189,-20.9106,55.6189,-20.9106,0101000020E610000048BF7D1D38CF4B40D3BCE3141DE934C0,10
11,La Marine,LA REUNION,Sainte-Suzanne,97420,FR38009,industrielle,"Industrielle (ABR), trafic routier et embruns marins",Dioxyde de soufre,1,2,µg.m-3,mensuelle,2018-11-01T04:00:00.000Z,2018-12-01T03:59:00.000Z,A,55.6189,-20.9106,55.6189,-20.9106,0101000020E610000048BF7D1D38CF4B40D3BCE3141DE934C0,11
12,La Marine,LA REUNION,Sainte-Suzanne,97420,FR38009,industrielle,"Industrielle (ABR), trafic routier et embruns marins",Ozone,7,31,µg.m-3,mensuelle,2018-11-01T04:00:00.000Z,2018-12-01T03:59:00.000Z,A,55.6189,-20.9106,55.6189,-20.9106,0101000020E610000048BF7D1D38CF4B40D3BCE3141DE934C0,12
13,Bd Jean Jaures,LA REUNION,Saint-Denis,97411,FR38019,trafic,Trafic routier et embruns marins,Particules PM10,5,,µg.m-3,mensuelle,2018-11-01T04:00:00.000Z,2018-12-01T03:59:00.000Z,N,55.4701,-20.8937,55.4708,-20.8935,0101000020E6100000787AA52C43BC4B40DBF97E6ABCE434C0,13
14,Bd Jean Jaures,LA REUNION,Saint-Denis,97411,FR38019,trafic,Trafic routier et embruns marins,Dioxyde d'azote,8,,µg.m-3,mensuelle,2018-11-01T04:00:00.000Z,2018-12-01T03:59:00.000Z,N,55.4701,-20.8937,55.4708,-20.8935,0101000020E6100000787AA52C43BC4B40DBF97E6ABCE434C0,14
15,Bd Jean Jaures,LA REUNION,Saint-Denis,97411,FR38019,trafic,Trafic routier et embruns marins,Monoxyde d'azote,38,,µg.m-3,mensuelle,2018-11-01T04:00:00.000Z,2018-12-01T03:59:00.000Z,N,55.4701,-20.8937,55.4708,-20.8935,0101000020E6100000787AA52C43BC4B40DBF97E6ABCE434C0,15
16,Joinville,LA REUNION,Saint-Denis,97411,FR38008,urbaine,"Pollution de fond, trafic routier et embruns marins",Particules PM10,5,21,µg.m-3,mensuelle,2018-11-01T04:00:00.000Z,2018-12-01T03:59:00.000Z,A,55.4539,-20.8846,55.4539,-20.8846,0101000020E6100000C3D32B6519BA4B40A60A462575E234C0,16
17,Joinville,LA REUNION,Saint-Denis,97411,FR38008,urbaine,"Pollution de fond, trafic routier et embruns marins","Particules fines PM2,5",6001,9,µg.m-3,mensuelle,2018-11-01T04:00:00.000Z,2018-12-01T03:59:00.000Z,A,55.4539,-20.8846,55.4539,-20.8846,0101000020E6100000C3D32B6519BA4B40A60A462575E234C0,17
18,Lislet Geoffroy,LA REUNION,Saint-Denis,97411,FR38001,urbaine,"Pollution de fond, trafic routier et embruns marins",Monoxyde d'azote,38,2,µg.m-3,mensuelle,2018-12-01T04:00:00.000Z,2019-01-01T03:59:00.000Z,A,55.4691,-20.8898,55.4691,-20.8898,0101000020E6100000DC4603780BBC4B4016FBCBEEC9E334C0,18
19,Lislet Geoffroy,LA REUNION,Saint-Denis,97411,FR38001,urbaine,"Pollution de fond, trafic routier et embruns marins",Particules PM10,5,14,µg.m-3,mensuelle,2018-12-01T04:00:00.000Z,2019-01-01T03:59:00.000Z,A,55.4691,-20.8898,55.4691,-20.8898,0101000020E6100000DC4603780BBC4B4016FBCBEEC9E334C0,19
20,Lislet Geoffroy,LA REUNION,Saint-Denis,97411,FR38001,urbaine,"Pollution de fond, trafic routier et embruns marins",Dioxyde d'azote,8,7,µg.m-3,mensuelle,2018-12-01T04:00:00.000Z,2019-01-01T03:59:00.000Z,A,55.4691,-20.8898,55.4691,-20.8898,0101000020E6100000DC4603780BBC4B4016FBCBEEC9E334C0,20
21,Montgaillard,LA REUNION,Saint-Denis,97411,FR38002,périurbaine,Pollution de fond et regionale,Ozone,7,33,µg.m-3,mensuelle,2018-12-01T04:00:00.000Z,2019-01-01T03:59:00.000Z,A,55.4683,-20.9033,55.4684,-20.9033,0101000020E6100000C05B2041F1BB4B40107A36AB3EE734C0,21
22,Joinville,LA REUNION,Saint-Denis,97411,FR38008,urbaine,"Pollution de fond, trafic routier et embruns marins",Monoxyde d'azote,38,2,µg.m-3,mensuelle,2018-12-01T04:00:00.000Z,2019-01-01T03:59:00.000Z,A,55.4539,-20.8846,55.4539,-20.8846,0101000020E6100000C3D32B6519BA4B40A60A462575E234C0,22
23,Joinville,LA REUNION,Saint-Denis,97411,FR38008,urbaine,"Pollution de fond, trafic routier et embruns marins",Dioxyde d'azote,8,6,µg.m-3,mensuelle,2018-12-01T04:00:00.000Z,2019-01-01T03:59:00.000Z,A,55.4539,-20.8846,55.4539,-20.8846,0101000020E6100000C3D32B6519BA4B40A60A462575E234C0,23
24,Joinville,LA REUNION,Saint-Denis,97411,FR38008,urbaine,"Pollution de fond, trafic routier et embruns marins",Ozone,7,30,µg.m-3,mensuelle,2018-12-01T04:00:00.000Z,2019-01-01T03:59:00.000Z,A,55.4539,-20.8846,55.4539,-20.8846,0101000020E6100000C3D32B6519BA4B40A60A462575E234C0,24
25,Joinville,LA REUNION,Saint-Denis,97411,FR38008,urbaine,"Pollution de fond, trafic routier et embruns marins",Dioxyde de soufre,1,2,µg.m-3,mensuelle,2018-12-01T04:00:00.000Z,2019-01-01T03:59:00.000Z,A,55.4539,-20.8846,55.4539,-20.8846,0101000020E6100000C3D32B6519BA4B40A60A462575E234C0,25
26,La Marine,LA REUNION,Sainte-Suzanne,97420,FR38009,industrielle,"Industrielle (ABR), trafic routier et embruns marins",Monoxyde d'azote,38,2,µg.m-3,mensuelle,2018-12-01T04:00:00.000Z,2019-01-01T03:59:00.000Z,A,55.6189,-20.9106,55.6189,-20.9106,0101000020E610000048BF7D1D38CF4B40D3BCE3141DE934C0,26
27,La Marine,LA REUNION,Sainte-Suzanne,97420,FR38009,industrielle,"Industrielle (ABR), trafic routier et embruns marins",Dioxyde d'azote,8,4,µg.m-3,mensuelle,2018-12-01T04:00:00.000Z,2019-01-01T03:59:00.000Z,A,55.6189,-20.9106,55.6189,-20.9106,0101000020E610000048BF7D1D38CF4B40D3BCE3141DE934C0,27
28,La Marine,LA REUNION,Sainte-Suzanne,97420,FR38009,industrielle,"Industrielle (ABR), trafic routier et embruns marins",Dioxyde de soufre,1,1,µg.m-3,mensuelle,2018-12-01T04:00:00.000Z,2019-01-01T03:59:00.000Z,A,55.6189,-20.9106,55.6189,-20.9106,0101000020E610000048BF7D1D38CF4B40D3BCE3141DE934C0,28
29,La Marine,LA REUNION,Sainte-Suzanne,97420,FR38009,industrielle,"Industrielle (ABR), trafic routier et embruns marins",Ozone,7,24,µg.m-3,mensuelle,2018-12-01T04:00:00.000Z,2019-01-01T03:59:00.000Z,A,55.6189,-20.9106,55.6189,-20.9106,0101000020E610000048BF7D1D38CF4B40D3BCE3141DE934C0,29
30,Bd Jean Jaures,LA REUNION,Saint-Denis,97411,FR38019,trafic,Trafic routier et embruns marins,Particules PM10,5,,µg.m-3,mensuelle,2018-12-01T04:00:00.000Z,2019-01-01T03:59:00.000Z,N,55.4701,-20.8937,55.4708,-20.8935,0101000020E6100000787AA52C43BC4B40DBF97E6ABCE434C0,30
31,Bd Jean Jaures,LA REUNION,Saint-Denis,97411,FR38019,trafic,Trafic routier et embruns marins,Dioxyde d'azote,8,,µg.m-3,mensuelle,2018-12-01T04:00:00.000Z,2019-01-01T03:59:00.000Z,N,55.4701,-20.8937,55.4708,-20.8935,0101000020E6100000787AA52C43BC4B40DBF97E6ABCE434C0,31
32,Bd Jean Jaures,LA REUNION,Saint-Denis,97411,FR38019,trafic,Trafic routier et embruns marins,Monoxyde d'azote,38,,µg.m-3,mensuelle,2018-12-01T04:00:00.000Z,2019-01-01T03:59:00.000Z,N,55.4701,-20.8937,55.4708,-20.8935,0101000020E6100000787AA52C43BC4B40DBF97E6ABCE434C0,32
33,Lislet Geoffroy,LA REUNION,Saint-Denis,97411,FR38001,urbaine,"Pollution de fond, trafic routier et embruns marins",Monoxyde d'azote,38,,µg.m-3,mensuelle,2019-09-01T04:00:00.000Z,2019-10-01T03:59:00.000Z,N,55.4691,-20.8898,55.4691,-20.8898,0101000020E6100000DC4603780BBC4B4016FBCBEEC9E334C0,33
34,Joinville,LA REUNION,Saint-Denis,97411,FR38008,urbaine,"Pollution de fond, trafic routier et embruns marins",Particules PM10,5,20,µg.m-3,mensuelle,2018-12-01T04:00:00.000Z,2019-01-01T03:59:00.000Z,A,55.4539,-20.8846,55.4539,-20.8846,0101000020E6100000C3D32B6519BA4B40A60A462575E234C0,34
35,Joinville,LA REUNION,Saint-Denis,97411,FR38008,urbaine,"Pollution de fond, trafic routier et embruns marins","Particules fines PM2,5",6001,9,µg.m-3,mensuelle,2018-12-01T04:00:00.000Z,2019-01-01T03:59:00.000Z,A,55.4539,-20.8846,55.4539,-20.8846,0101000020E6100000C3D32B6519BA4B40A60A462575E234C0,35
36,Lislet Geoffroy,LA REUNION,Saint-Denis,97411,FR38001,urbaine,"Pollution de fond, trafic routier et embruns marins",Monoxyde d'azote,38,2,µg.m-3,mensuelle,2019-01-01T04:00:00.000Z,2019-02-01T03:59:00.000Z,A,55.4691,-20.8898,55.4691,-20.8898,0101000020E6100000DC4603780BBC4B4016FBCBEEC9E334C0,36
37,Lislet Geoffroy,LA REUNION,Saint-Denis,97411,FR38001,urbaine,"Pollution de fond, trafic routier et embruns marins",Particules PM10,5,16,µg.m-3,mensuelle,2019-01-01T04:00:00.000Z,2019-02-01T03:59:00.000Z,A,55.4691,-20.8898,55.4691,-20.8898,0101000020E6100000DC4603780BBC4B4016FBCBEEC9E334C0,37
38,Lislet Geoffroy,LA REUNION,Saint-Denis,97411,FR38001,urbaine,"Pollution de fond, trafic routier et embruns marins",Dioxyde d'azote,8,6,µg.m-3,mensuelle,2019-01-01T04:00:00.000Z,2019-02-01T03:59:00.000Z,A,55.4691,-20.8898,55.4691,-20.8898,0101000020E6100000DC4603780BBC4B4016FBCBEEC9E334C0,38
39,Montgaillard,LA REUNION,Saint-Denis,97411,FR38002,périurbaine,Pollution de fond et regionale,Ozone,7,24,µg.m-3,mensuelle,2019-01-01T04:00:00.000Z,2019-02-01T03:59:00.000Z,A,55.4683,-20.9033,55.4684,-20.9033,0101000020E6100000C05B2041F1BB4B40107A36AB3EE734C0,39
40,Joinville,LA REUNION,Saint-Denis,97411,FR38008,urbaine,"Pollution de fond, trafic routier et embruns marins",Monoxyde d'azote,38,2,µg.m-3,mensuelle,2019-01-01T04:00:00.000Z,2019-02-01T03:59:00.000Z,A,55.4539,-20.8846,55.4539,-20.8846,0101000020E6100000C3D32B6519BA4B40A60A462575E234C0,40
41,Joinville,LA REUNION,Saint-Denis,97411,FR38008,urbaine,"Pollution de fond, trafic routier et embruns marins",Dioxyde d'azote,8,5,µg.m-3,mensuelle,2019-01-01T04:00:00.000Z,2019-02-01T03:59:00.000Z,A,55.4539,-20.8846,55.4539,-20.8846,0101000020E6100000C3D32B6519BA4B40A60A462575E234C0,41
42,Joinville,LA REUNION,Saint-Denis,97411,FR38008,urbaine,"Pollution de fond, trafic routier et embruns marins",Ozone,7,23,µg.m-3,mensuelle,2019-01-01T04:00:00.000Z,2019-02-01T03:59:00.000Z,A,55.4539,-20.8846,55.4539,-20.8846,0101000020E6100000C3D32B6519BA4B40A60A462575E234C0,42
43,Joinville,LA REUNION,Saint-Denis,97411,FR38008,urbaine,"Pollution de fond, trafic routier et embruns marins",Dioxyde de soufre,1,1,µg.m-3,mensuelle,2019-01-01T04:00:00.000Z,2019-02-01T03:59:00.000Z,A,55.4539,-20.8846,55.4539,-20.8846,0101000020E6100000C3D32B6519BA4B40A60A462575E234C0,43
44,La Marine,LA REUNION,Sainte-Suzanne,97420,FR38009,industrielle,"Industrielle (ABR), trafic routier et embruns marins",Monoxyde d'azote,38,2,µg.m-3,mensuelle,2019-01-01T04:00:00.000Z,2019-02-01T03:59:00.000Z,A,55.6189,-20.9106,55.6189,-20.9106,0101000020E610000048BF7D1D38CF4B40D3BCE3141DE934C0,44
45,La Marine,LA REUNION,Sainte-Suzanne,97420,FR38009,industrielle,"Industrielle (ABR), trafic routier et embruns marins",Dioxyde d'azote,8,4,µg.m-3,mensuelle,2019-01-01T04:00:00.000Z,2019-02-01T03:59:00.000Z,A,55.6189,-20.9106,55.6189,-20.9106,0101000020E610000048BF7D1D38CF4B40D3BCE3141DE934C0,45
46,La Marine,LA REUNION,Sainte-Suzanne,97420,FR38009,industrielle,"Industrielle (ABR), trafic routier et embruns marins",Dioxyde de soufre,1,1,µg.m-3,mensuelle,2019-01-01T04:00:00.000Z,2019-02-01T03:59:00.000Z,A,55.6189,-20.9106,55.6189,-20.9106,0101000020E610000048BF7D1D38CF4B40D3BCE3141DE934C0,46
47,La Marine,LA REUNION,Sainte-Suzanne,97420,FR38009,industrielle,"Industrielle (ABR), trafic routier et embruns marins",Ozone,7,,µg.m-3,mensuelle,2019-01-01T04:00:00.000Z,2019-02-01T03:59:00.000Z,N,55.6189,-20.9106,55.6189,-20.9106,0101000020E610000048BF7D1D38CF4B40D3BCE3141DE934C0,47
48,Bd Jean Jaures,LA REUNION,Saint-Denis,97411,FR38019,trafic,Trafic routier et embruns marins,Particules PM10,5,,µg.m-3,mensuelle,2019-01-01T04:00:00.000Z,2019-02-01T03:59:00.000Z,N,55.4701,-20.8937,55.4708,-20.8935,0101000020E6100000787AA52C43BC4B40DBF97E6ABCE434C0,48
49,Bd Jean Jaures,LA REUNION,Saint-Denis,97411,FR38019,trafic,Trafic routier et embruns marins,Dioxyde d'azote,8,,µg.m-3,mensuelle,2019-01-01T04:00:00.000Z,2019-02-01T03:59:00.000Z,N,55.4701,-20.8937,55.4708,-20.8935,0101000020E6100000787AA52C43BC4B40DBF97E6ABCE434C0,49
50,Bd Jean Jaures,LA REUNION,Saint-Denis,97411,FR38019,trafic,Trafic routier et embruns marins,Monoxyde d'azote,38,,µg.m-3,mensuelle,2019-01-01T04:00:00.000Z,2019-02-01T03:59:00.000Z,N,55.4701,-20.8937,55.4708,-20.8935,0101000020E6100000787AA52C43BC4B40DBF97E6ABCE434C0,50
51,Joinville,LA REUNION,Saint-Denis,97411,FR38008,urbaine,"Pollution de fond, trafic routier et embruns marins",Particules PM10,5,20,µg.m-3,mensuelle,2019-01-01T04:00:00.000Z,2019-02-01T03:59:00.000Z,A,55.4539,-20.8846,55.4539,-20.8846,0101000020E6100000C3D32B6519BA4B40A60A462575E234C0,51
52,Joinville,LA REUNION,Saint-Denis,97411,FR38008,urbaine,"Pollution de fond, trafic routier et embruns marins","Particules fines PM2,5",6001,9,µg.m-3,mensuelle,2019-01-01T04:00:00.000Z,2019-02-01T03:59:00.000Z,A,55.4539,-20.8846,55.4539,-20.8846,0101000020E6100000C3D32B6519BA4B40A60A462575E234C0,52
53,Lislet Geoffroy,LA REUNION,Saint-Denis,97411,FR38001,urbaine,"Pollution de fond, trafic routier et embruns marins",Monoxyde d'azote,38,4,µg.m-3,mensuelle,2019-02-01T04:00:00.000Z,2019-03-01T03:59:00.000Z,A,55.4691,-20.8898,55.4691,-20.8898,0101000020E6100000DC4603780BBC4B4016FBCBEEC9E334C0,53
54,Lislet Geoffroy,LA REUNION,Saint-Denis,97411,FR38001,urbaine,"Pollution de fond, trafic routier et embruns marins",Particules PM10,5,14,µg.m-3,mensuelle,2019-02-01T04:00:00.000Z,2019-03-01T03:59:00.000Z,A,55.4691,-20.8898,55.4691,-20.8898,0101000020E6100000DC4603780BBC4B4016FBCBEEC9E334C0,54
55,Lislet Geoffroy,LA REUNION,Saint-Denis,97411,FR38001,urbaine,"Pollution de fond, trafic routier et embruns marins",Dioxyde d'azote,8,8,µg.m-3,mensuelle,2019-02-01T04:00:00.000Z,2019-03-01T03:59:00.000Z,A,55.4691,-20.8898,55.4691,-20.8898,0101000020E6100000DC4603780BBC4B4016FBCBEEC9E334C0,55
56,Montgaillard,LA REUNION,Saint-Denis,97411,FR38002,périurbaine,Pollution de fond et regionale,Ozone,7,26,µg.m-3,mensuelle,2019-02-01T04:00:00.000Z,2019-03-01T03:59:00.000Z,A,55.4683,-20.9033,55.4684,-20.9033,0101000020E6100000C05B2041F1BB4B40107A36AB3EE734C0,56
57,Joinville,LA REUNION,Saint-Denis,97411,FR38008,urbaine,"Pollution de fond, trafic routier et embruns marins",Monoxyde d'azote,38,4,µg.m-3,mensuelle,2019-02-01T04:00:00.000Z,2019-03-01T03:59:00.000Z,A,55.4539,-20.8846,55.4539,-20.8846,0101000020E6100000C3D32B6519BA4B40A60A462575E234C0,57
58,Joinville,LA REUNION,Saint-Denis,97411,FR38008,urbaine,"Pollution de fond, trafic routier et embruns marins",Dioxyde d'azote,8,7,µg.m-3,mensuelle,2019-02-01T04:00:00.000Z,2019-03-01T03:59:00.000Z,A,55.4539,-20.8846,55.4539,-20.8846,0101000020E6100000C3D32B6519BA4B40A60A462575E234C0,58
59,Joinville,LA REUNION,Saint-Denis,97411,FR38008,urbaine,"Pollution de fond, trafic routier et embruns marins",Ozone,7,23,µg.m-3,mensuelle,2019-02-01T04:00:00.000Z,2019-03-01T03:59:00.000Z,A,55.4539,-20.8846,55.4539,-20.8846,0101000020E6100000C3D32B6519BA4B40A60A462575E234C0,59
60,Joinville,LA REUNION,Saint-Denis,97411,FR38008,urbaine,"Pollution de fond, trafic routier et embruns marins",Dioxyde de soufre,1,0,µg.m-3,mensuelle,2019-02-01T04:00:00.000Z,2019-03-01T03:59:00.000Z,A,55.4539,-20.8846,55.4539,-20.8846,0101000020E6100000C3D32B6519BA4B40A60A462575E234C0,60
61,La Marine,LA REUNION,Sainte-Suzanne,97420,FR38009,industrielle,"Industrielle (ABR), trafic routier et embruns marins",Monoxyde d'azote,38,2,µg.m-3,mensuelle,2019-02-01T04:00:00.000Z,2019-03-01T03:59:00.000Z,A,55.6189,-20.9106,55.6189,-20.9106,0101000020E610000048BF7D1D38CF4B40D3BCE3141DE934C0,61
62,La Marine,LA REUNION,Sainte-Suzanne,97420,FR38009,industrielle,"Industrielle (ABR), trafic routier et embruns marins",Dioxyde d'azote,8,5,µg.m-3,mensuelle,2019-02-01T04:00:00.000Z,2019-03-01T03:59:00.000Z,A,55.6189,-20.9106,55.6189,-20.9106,0101000020E610000048BF7D1D38CF4B40D3BCE3141DE934C0,62
63,La Marine,LA REUNION,Sainte-Suzanne,97420,FR38009,industrielle,"Industrielle (ABR), trafic routier et embruns marins",Dioxyde de soufre,1,1,µg.m-3,mensuelle,2019-02-01T04:00:00.000Z,2019-03-01T03:59:00.000Z,A,55.6189,-20.9106,55.6189,-20.9106,0101000020E610000048BF7D1D38CF4B40D3BCE3141DE934C0,63
64,La Marine,LA REUNION,Sainte-Suzanne,97420,FR38009,industrielle,"Industrielle (ABR), trafic routier et embruns marins",Ozone,7,,µg.m-3,mensuelle,2019-02-01T04:00:00.000Z,2019-03-01T03:59:00.000Z,N,55.6189,-20.9106,55.6189,-20.9106,0101000020E610000048BF7D1D38CF4B40D3BCE3141DE934C0,64
65,Bd Jean Jaures,LA REUNION,Saint-Denis,97411,FR38019,trafic,Trafic routier et embruns marins,Particules PM10,5,,µg.m-3,mensuelle,2019-02-01T04:00:00.000Z,2019-03-01T03:59:00.000Z,N,55.4701,-20.8937,55.4708,-20.8935,0101000020E6100000787AA52C43BC4B40DBF97E6ABCE434C0,65
66,Bd Jean Jaures,LA REUNION,Saint-Denis,97411,FR38019,trafic,Trafic routier et embruns marins,Dioxyde d'azote,8,,µg.m-3,mensuelle,2019-02-01T04:00:00.000Z,2019-03-01T03:59:00.000Z,N,55.4701,-20.8937,55.4708,-20.8935,0101000020E6100000787AA52C43BC4B40DBF97E6ABCE434C0,66
67,Bd Jean Jaures,LA REUNION,Saint-Denis,97411,FR38019,trafic,Trafic routier et embruns marins,Monoxyde d'azote,38,,µg.m-3,mensuelle,2019-02-01T04:00:00.000Z,2019-03-01T03:59:00.000Z,N,55.4701,-20.8937,55.4708,-20.8935,0101000020E6100000787AA52C43BC4B40DBF97E6ABCE434C0,67
68,Joinville,LA REUNION,Saint-Denis,97411,FR38008,urbaine,"Pollution de fond, trafic routier et embruns marins",Particules PM10,5,20,µg.m-3,mensuelle,2019-02-01T04:00:00.000Z,2019-03-01T03:59:00.000Z,A,55.4539,-20.8846,55.4539,-20.8846,0101000020E6100000C3D32B6519BA4B40A60A462575E234C0,68
69,Joinville,LA REUNION,Saint-Denis,97411,FR38008,urbaine,"Pollution de fond, trafic routier et embruns marins","Particules fines PM2,5",6001,10,µg.m-3,mensuelle,2019-02-01T04:00:00.000Z,2019-03-01T03:59:00.000Z,A,55.4539,-20.8846,55.4539,-20.8846,0101000020E6100000C3D32B6519BA4B40A60A462575E234C0,69
70,Lislet Geoffroy,LA REUNION,Saint-Denis,97411,FR38001,urbaine,"Pollution de fond, trafic routier et embruns marins",Monoxyde d'azote,38,3,µg.m-3,mensuelle,2019-03-01T04:00:00.000Z,2019-04-01T03:59:00.000Z,A,55.4691,-20.8898,55.4691,-20.8898,0101000020E6100000DC4603780BBC4B4016FBCBEEC9E334C0,70
71,Lislet Geoffroy,LA REUNION,Saint-Denis,97411,FR38001,urbaine,"Pollution de fond, trafic routier et embruns marins",Particules PM10,5,14,µg.m-3,mensuelle,2019-03-01T04:00:00.000Z,2019-04-01T03:59:00.000Z,A,55.4691,-20.8898,55.4691,-20.8898,0101000020E6100000DC4603780BBC4B4016FBCBEEC9E334C0,71
72,Lislet Geoffroy,LA REUNION,Saint-Denis,97411,FR38001,urbaine,"Pollution de fond, trafic routier et embruns marins",Dioxyde d'azote,8,8,µg.m-3,mensuelle,2019-03-01T04:00:00.000Z,2019-04-01T03:59:00.000Z,A,55.4691,-20.8898,55.4691,-20.8898,0101000020E6100000DC4603780BBC4B4016FBCBEEC9E334C0,72
73,Montgaillard,LA REUNION,Saint-Denis,97411,FR38002,périurbaine,Pollution de fond et regionale,Ozone,7,28,µg.m-3,mensuelle,2019-03-01T04:00:00.000Z,2019-04-01T03:59:00.000Z,A,55.4683,-20.9033,55.4684,-20.9033,0101000020E6100000C05B2041F1BB4B40107A36AB3EE734C0,73
74,Joinville,LA REUNION,Saint-Denis,97411,FR38008,urbaine,"Pollution de fond, trafic routier et embruns marins",Monoxyde d'azote,38,4,µg.m-3,mensuelle,2019-03-01T04:00:00.000Z,2019-04-01T03:59:00.000Z,A,55.4539,-20.8846,55.4539,-20.8846,0101000020E6100000C3D32B6519BA4B40A60A462575E234C0,74
75,Joinville,LA REUNION,Saint-Denis,97411,FR38008,urbaine,"Pollution de fond, trafic routier et embruns marins",Dioxyde d'azote,8,7,µg.m-3,mensuelle,2019-03-01T04:00:00.000Z,2019-04-01T03:59:00.000Z,A,55.4539,-20.8846,55.4539,-20.8846,0101000020E6100000C3D32B6519BA4B40A60A462575E234C0,75
76,Joinville,LA REUNION,Saint-Denis,97411,FR38008,urbaine,"Pollution de fond, trafic routier et embruns marins",Ozone,7,24,µg.m-3,mensuelle,2019-03-01T04:00:00.000Z,2019-04-01T03:59:00.000Z,A,55.4539,-20.8846,55.4539,-20.8846,0101000020E6100000C3D32B6519BA4B40A60A462575E234C0,76
77,Joinville,LA REUNION,Saint-Denis,97411,FR38008,urbaine,"Pollution de fond, trafic routier et embruns marins",Dioxyde de soufre,1,0,µg.m-3,mensuelle,2019-03-01T04:00:00.000Z,2019-04-01T03:59:00.000Z,A,55.4539,-20.8846,55.4539,-20.8846,0101000020E6100000C3D32B6519BA4B40A60A462575E234C0,77
78,La Marine,LA REUNION,Sainte-Suzanne,97420,FR38009,industrielle,"Industrielle (ABR), trafic routier et embruns marins",Monoxyde d'azote,38,2,µg.m-3,mensuelle,2019-03-01T04:00:00.000Z,2019-04-01T03:59:00.000Z,A,55.6189,-20.9106,55.6189,-20.9106,0101000020E610000048BF7D1D38CF4B40D3BCE3141DE934C0,78
79,La Marine,LA REUNION,Sainte-Suzanne,97420,FR38009,industrielle,"Industrielle (ABR), trafic routier et embruns marins",Dioxyde d'azote,8,6,µg.m-3,mensuelle,2019-03-01T04:00:00.000Z,2019-04-01T03:59:00.000Z,A,55.6189,-20.9106,55.6189,-20.9106,0101000020E610000048BF7D1D38CF4B40D3BCE3141DE934C0,79
80,La Marine,LA REUNION,Sainte-Suzanne,97420,FR38009,industrielle,"Industrielle (ABR), trafic routier et embruns marins",Dioxyde de soufre,1,2,µg.m-3,mensuelle,2019-03-01T04:00:00.000Z,2019-04-01T03:59:00.000Z,A,55.6189,-20.9106,55.6189,-20.9106,0101000020E610000048BF7D1D38CF4B40D3BCE3141DE934C0,80
81,La Marine,LA REUNION,Sainte-Suzanne,97420,FR38009,industrielle,"Industrielle (ABR), trafic routier et embruns marins",Ozone,7,,µg.m-3,mensuelle,2019-03-01T04:00:00.000Z,2019-04-01T03:59:00.000Z,N,55.6189,-20.9106,55.6189,-20.9106,0101000020E610000048BF7D1D38CF4B40D3BCE3141DE934C0,81
82,Bd Jean Jaures,LA REUNION,Saint-Denis,97411,FR38019,trafic,Trafic routier et embruns marins,Particules PM10,5,,µg.m-3,mensuelle,2019-03-01T04:00:00.000Z,2019-04-01T03:59:00.000Z,N,55.4701,-20.8937,55.4708,-20.8935,0101000020E6100000787AA52C43BC4B40DBF97E6ABCE434C0,82
83,Bd Jean Jaures,LA REUNION,Saint-Denis,97411,FR38019,trafic,Trafic routier et embruns marins,Dioxyde d'azote,8,,µg.m-3,mensuelle,2019-03-01T04:00:00.000Z,2019-04-01T03:59:00.000Z,N,55.4701,-20.8937,55.4708,-20.8935,0101000020E6100000787AA52C43BC4B40DBF97E6ABCE434C0,83
84,Bd Jean Jaures,LA REUNION,Saint-Denis,97411,FR38019,trafic,Trafic routier et embruns marins,Monoxyde d'azote,38,,µg.m-3,mensuelle,2019-03-01T04:00:00.000Z,2019-04-01T03:59:00.000Z,N,55.4701,-20.8937,55.4708,-20.8935,0101000020E6100000787AA52C43BC4B40DBF97E6ABCE434C0,84
85,Joinville,LA REUNION,Saint-Denis,97411,FR38008,urbaine,"Pollution de fond, trafic routier et embruns marins",Particules PM10,5,21,µg.m-3,mensuelle,2019-03-01T04:00:00.000Z,2019-04-01T03:59:00.000Z,A,55.4539,-20.8846,55.4539,-20.8846,0101000020E6100000C3D32B6519BA4B40A60A462575E234C0,85
86,Joinville,LA REUNION,Saint-Denis,97411,FR38008,urbaine,"Pollution de fond, trafic routier et embruns marins","Particules fines PM2,5",6001,13,µg.m-3,mensuelle,2019-03-01T04:00:00.000Z,2019-04-01T03:59:00.000Z,A,55.4539,-20.8846,55.4539,-20.8846,0101000020E6100000C3D32B6519BA4B40A60A462575E234C0,86
87,Lislet Geoffroy,LA REUNION,Saint-Denis,97411,FR38001,urbaine,"Pollution de fond, trafic routier et embruns marins",Monoxyde d'azote,38,4,µg.m-3,mensuelle,2019-04-01T04:00:00.000Z,2019-05-01T03:59:00.000Z,A,55.4691,-20.8898,55.4691,-20.8898,0101000020E6100000DC4603780BBC4B4016FBCBEEC9E334C0,87
88,Lislet Geoffroy,LA REUNION,Saint-Denis,97411,FR38001,urbaine,"Pollution de fond, trafic routier et embruns marins",Particules PM10,5,14,µg.m-3,mensuelle,2019-04-01T04:00:00.000Z,2019-05-01T03:59:00.000Z,A,55.4691,-20.8898,55.4691,-20.8898,0101000020E6100000DC4603780BBC4B4016FBCBEEC9E334C0,88
89,Lislet Geoffroy,LA REUNION,Saint-Denis,97411,FR38001,urbaine,"Pollution de fond, trafic routier et embruns marins",Dioxyde d'azote,8,8,µg.m-3,mensuelle,2019-04-01T04:00:00.000Z,2019-05-01T03:59:00.000Z,A,55.4691,-20.8898,55.4691,-20.8898,0101000020E6100000DC4603780BBC4B4016FBCBEEC9E334C0,89
90,Montgaillard,LA REUNION,Saint-Denis,97411,FR38002,périurbaine,Pollution de fond et regionale,Ozone,7,31,µg.m-3,mensuelle,2019-04-01T04:00:00.000Z,2019-05-01T03:59:00.000Z,A,55.4683,-20.9033,55.4684,-20.9033,0101000020E6100000C05B2041F1BB4B40107A36AB3EE734C0,90
91,Joinville,LA REUNION,Saint-Denis,97411,FR38008,urbaine,"Pollution de fond, trafic routier et embruns marins",Monoxyde d'azote,38,4,µg.m-3,mensuelle,2019-04-01T04:00:00.000Z,2019-05-01T03:59:00.000Z,A,55.4539,-20.8846,55.4539,-20.8846,0101000020E6100000C3D32B6519BA4B40A60A462575E234C0,91
92,Joinville,LA REUNION,Saint-Denis,97411,FR38008,urbaine,"Pollution de fond, trafic routier et embruns marins",Dioxyde d'azote,8,8,µg.m-3,mensuelle,2019-04-01T04:00:00.000Z,2019-05-01T03:59:00.000Z,A,55.4539,-20.8846,55.4539,-20.8846,0101000020E6100000C3D32B6519BA4B40A60A462575E234C0,92
93,Joinville,LA REUNION,Saint-Denis,97411,FR38008,urbaine,"Pollution de fond, trafic routier et embruns marins",Ozone,7,26,µg.m-3,mensuelle,2019-04-01T04:00:00.000Z,2019-05-01T03:59:00.000Z,A,55.4539,-20.8846,55.4539,-20.8846,0101000020E6100000C3D32B6519BA4B40A60A462575E234C0,93
94,Joinville,LA REUNION,Saint-Denis,97411,FR38008,urbaine,"Pollution de fond, trafic routier et embruns marins",Dioxyde de soufre,1,0,µg.m-3,mensuelle,2019-04-01T04:00:00.000Z,2019-05-01T03:59:00.000Z,A,55.4539,-20.8846,55.4539,-20.8846,0101000020E6100000C3D32B6519BA4B40A60A462575E234C0,94
95,La Marine,LA REUNION,Sainte-Suzanne,97420,FR38009,industrielle,"Industrielle (ABR), trafic routier et embruns marins",Monoxyde d'azote,38,1,µg.m-3,mensuelle,2019-04-01T04:00:00.000Z,2019-05-01T03:59:00.000Z,A,55.6189,-20.9106,55.6189,-20.9106,0101000020E610000048BF7D1D38CF4B40D3BCE3141DE934C0,95
96,La Marine,LA REUNION,Sainte-Suzanne,97420,FR38009,industrielle,"Industrielle (ABR), trafic routier et embruns marins",Dioxyde d'azote,8,5,µg.m-3,mensuelle,2019-04-01T04:00:00.000Z,2019-05-01T03:59:00.000Z,A,55.6189,-20.9106,55.6189,-20.9106,0101000020E610000048BF7D1D38CF4B40D3BCE3141DE934C0,96
97,La Marine,LA REUNION,Sainte-Suzanne,97420,FR38009,industrielle,"Industrielle (ABR), trafic routier et embruns marins",Dioxyde de soufre,1,2,µg.m-3,mensuelle,2019-04-01T04:00:00.000Z,2019-05-01T03:59:00.000Z,A,55.6189,-20.9106,55.6189,-20.9106,0101000020E610000048BF7D1D38CF4B40D3BCE3141DE934C0,97
98,La Marine,LA REUNION,Sainte-Suzanne,97420,FR38009,industrielle,"Industrielle (ABR), trafic routier et embruns marins",Ozone,7,,µg.m-3,mensuelle,2019-04-01T04:00:00.000Z,2019-05-01T03:59:00.000Z,N,55.6189,-20.9106,55.6189,-20.9106,0101000020E610000048BF7D1D38CF4B40D3BCE3141DE934C0,98
99,Bd Jean Jaures,LA REUNION,Saint-Denis,97411,FR38019,trafic,Trafic routier et embruns marins,Particules PM10,5,,µg.m-3,mensuelle,2019-04-01T04:00:00.000Z,2019-05-01T03:59:00.000Z,N,55.4701,-20.8937,55.4708,-20.8935,0101000020E6100000787AA52C43BC4B40DBF97E6ABCE434C0,99
100,Bd Jean Jaures,LA REUNION,Saint-Denis,97411,FR38019,trafic,Trafic routier et embruns marins,Dioxyde d'azote,8,,µg.m-3,mensuelle,2019-04-01T04:00:00.000Z,2019-05-01T03:59:00.000Z,N,55.4701,-20.8937,55.4708,-20.8935,0101000020E6100000787AA52C43BC4B40DBF97E6ABCE434C0,100
101,Bd Jean Jaures,LA REUNION,Saint-Denis,97411,FR38019,trafic,Trafic routier et embruns marins,Monoxyde d'azote,38,,µg.m-3,mensuelle,2019-04-01T04:00:00.000Z,2019-05-01T03:59:00.000Z,N,55.4701,-20.8937,55.4708,-20.8935,0101000020E6100000787AA52C43BC4B40DBF97E6ABCE434C0,101
102,Joinville,LA REUNION,Saint-Denis,97411,FR38008,urbaine,"Pollution de fond, trafic routier et embruns marins",Particules PM10,5,19,µg.m-3,mensuelle,2019-04-01T04:00:00.000Z,2019-05-01T03:59:00.000Z,A,55.4539,-20.8846,55.4539,-20.8846,0101000020E6100000C3D32B6519BA4B40A60A462575E234C0,102
103,Joinville,LA REUNION,Saint-Denis,97411,FR38008,urbaine,"Pollution de fond, trafic routier et embruns marins","Particules fines PM2,5",6001,8,µg.m-3,mensuelle,2019-04-01T04:00:00.000Z,2019-05-01T03:59:00.000Z,A,55.4539,-20.8846,55.4539,-20.8846,0101000020E6100000C3D32B6519BA4B40A60A462575E234C0,103
104,Lislet Geoffroy,LA REUNION,Saint-Denis,97411,FR38001,urbaine,"Pollution de fond, trafic routier et embruns marins",Monoxyde d'azote,38,,µg.m-3,mensuelle,2019-05-01T04:00:00.000Z,2019-06-01T03:59:00.000Z,N,55.4691,-20.8898,55.4691,-20.8898,0101000020E6100000DC4603780BBC4B4016FBCBEEC9E334C0,104
105,Lislet Geoffroy,LA REUNION,Saint-Denis,97411,FR38001,urbaine,"Pollution de fond, trafic routier et embruns marins",Particules PM10,5,11,µg.m-3,mensuelle,2019-05-01T04:00:00.000Z,2019-06-01T03:59:00.000Z,A,55.4691,-20.8898,55.4691,-20.8898,0101000020E6100000DC4603780BBC4B4016FBCBEEC9E334C0,105
106,Lislet Geoffroy,LA REUNION,Saint-Denis,97411,FR38001,urbaine,"Pollution de fond, trafic routier et embruns marins",Dioxyde d'azote,8,,µg.m-3,mensuelle,2019-05-01T04:00:00.000Z,2019-06-01T03:59:00.000Z,N,55.4691,-20.8898,55.4691,-20.8898,0101000020E6100000DC4603780BBC4B4016FBCBEEC9E334C0,106
107,Montgaillard,LA REUNION,Saint-Denis,97411,FR38002,périurbaine,Pollution de fond et regionale,Ozone,7,44,µg.m-3,mensuelle,2019-05-01T04:00:00.000Z,2019-06-01T03:59:00.000Z,A,55.4683,-20.9033,55.4684,-20.9033,0101000020E6100000C05B2041F1BB4B40107A36AB3EE734C0,107
108,Joinville,LA REUNION,Saint-Denis,97411,FR38008,urbaine,"Pollution de fond, trafic routier et embruns marins",Monoxyde d'azote,38,4,µg.m-3,mensuelle,2019-05-01T04:00:00.000Z,2019-06-01T03:59:00.000Z,A,55.4539,-20.8846,55.4539,-20.8846,0101000020E6100000C3D32B6519BA4B40A60A462575E234C0,108
109,Joinville,LA REUNION,Saint-Denis,97411,FR38008,urbaine,"Pollution de fond, trafic routier et embruns marins",Dioxyde d'azote,8,8,µg.m-3,mensuelle,2019-05-01T04:00:00.000Z,2019-06-01T03:59:00.000Z,A,55.4539,-20.8846,55.4539,-20.8846,0101000020E6100000C3D32B6519BA4B40A60A462575E234C0,109
110,Joinville,LA REUNION,Saint-Denis,97411,FR38008,urbaine,"Pollution de fond, trafic routier et embruns marins",Ozone,7,37,µg.m-3,mensuelle,2019-05-01T04:00:00.000Z,2019-06-01T03:59:00.000Z,A,55.4539,-20.8846,55.4539,-20.8846,0101000020E6100000C3D32B6519BA4B40A60A462575E234C0,110
111,Joinville,LA REUNION,Saint-Denis,97411,FR38008,urbaine,"Pollution de fond, trafic routier et embruns marins",Dioxyde de soufre,1,0,µg.m-3,mensuelle,2019-05-01T04:00:00.000Z,2019-06-01T03:59:00.000Z,A,55.4539,-20.8846,55.4539,-20.8846,0101000020E6100000C3D32B6519BA4B40A60A462575E234C0,111
112,La Marine,LA REUNION,Sainte-Suzanne,97420,FR38009,industrielle,"Industrielle (ABR), trafic routier et embruns marins",Monoxyde d'azote,38,0,µg.m-3,mensuelle,2019-05-01T04:00:00.000Z,2019-06-01T03:59:00.000Z,A,55.6189,-20.9106,55.6189,-20.9106,0101000020E610000048BF7D1D38CF4B40D3BCE3141DE934C0,112
113,La Marine,LA REUNION,Sainte-Suzanne,97420,FR38009,industrielle,"Industrielle (ABR), trafic routier et embruns marins",Dioxyde d'azote,8,5,µg.m-3,mensuelle,2019-05-01T04:00:00.000Z,2019-06-01T03:59:00.000Z,A,55.6189,-20.9106,55.6189,-20.9106,0101000020E610000048BF7D1D38CF4B40D3BCE3141DE934C0,113
114,La Marine,LA REUNION,Sainte-Suzanne,97420,FR38009,industrielle,"Industrielle (ABR), trafic routier et embruns marins",Dioxyde de soufre,1,2,µg.m-3,mensuelle,2019-05-01T04:00:00.000Z,2019-06-01T03:59:00.000Z,A,55.6189,-20.9106,55.6189,-20.9106,0101000020E610000048BF7D1D38CF4B40D3BCE3141DE934C0,114
115,La Marine,LA REUNION,Sainte-Suzanne,97420,FR38009,industrielle,"Industrielle (ABR), trafic routier et embruns marins",Ozone,7,,µg.m-3,mensuelle,2019-05-01T04:00:00.000Z,2019-06-01T03:59:00.000Z,N,55.6189,-20.9106,55.6189,-20.9106,0101000020E610000048BF7D1D38CF4B40D3BCE3141DE934C0,115
116,Bd Jean Jaures,LA REUNION,Saint-Denis,97411,FR38019,trafic,Trafic routier et embruns marins,Particules PM10,5,,µg.m-3,mensuelle,2019-05-01T04:00:00.000Z,2019-06-01T03:59:00.000Z,N,55.4701,-20.8937,55.4708,-20.8935,0101000020E6100000787AA52C43BC4B40DBF97E6ABCE434C0,116
117,Bd Jean Jaures,LA REUNION,Saint-Denis,97411,FR38019,trafic,Trafic routier et embruns marins,Dioxyde d'azote,8,,µg.m-3,mensuelle,2019-05-01T04:00:00.000Z,2019-06-01T03:59:00.000Z,N,55.4701,-20.8937,55.4708,-20.8935,0101000020E6100000787AA52C43BC4B40DBF97E6ABCE434C0,117
118,Bd Jean Jaures,LA REUNION,Saint-Denis,97411,FR38019,trafic,Trafic routier et embruns marins,Monoxyde d'azote,38,,µg.m-3,mensuelle,2019-05-01T04:00:00.000Z,2019-06-01T03:59:00.000Z,N,55.4701,-20.8937,55.4708,-20.8935,0101000020E6100000787AA52C43BC4B40DBF97E6ABCE434C0,118
119,Joinville,LA REUNION,Saint-Denis,97411,FR38008,urbaine,"Pollution de fond, trafic routier et embruns marins",Particules PM10,5,19,µg.m-3,mensuelle,2019-05-01T04:00:00.000Z,2019-06-01T03:59:00.000Z,A,55.4539,-20.8846,55.4539,-20.8846,0101000020E6100000C3D32B6519BA4B40A60A462575E234C0,119
120,Joinville,LA REUNION,Saint-Denis,97411,FR38008,urbaine,"Pollution de fond, trafic routier et embruns marins","Particules fines PM2,5",6001,7,µg.m-3,mensuelle,2019-05-01T04:00:00.000Z,2019-06-01T03:59:00.000Z,A,55.4539,-20.8846,55.4539,-20.8846,0101000020E6100000C3D32B6519BA4B40A60A462575E234C0,120
121,Lislet Geoffroy,LA REUNION,Saint-Denis,97411,FR38001,urbaine,"Pollution de fond, trafic routier et embruns marins",Monoxyde d'azote,38,2,µg.m-3,mensuelle,2019-06-01T04:00:00.000Z,2019-07-01T03:59:00.000Z,A,55.4691,-20.8898,55.4691,-20.8898,0101000020E6100000DC4603780BBC4B4016FBCBEEC9E334C0,121
122,Lislet Geoffroy,LA REUNION,Saint-Denis,97411,FR38001,urbaine,"Pollution de fond, trafic routier et embruns marins",Particules PM10,5,11,µg.m-3,mensuelle,2019-06-01T04:00:00.000Z,2019-07-01T03:59:00.000Z,A,55.4691,-20.8898,55.4691,-20.8898,0101000020E6100000DC4603780BBC4B4016FBCBEEC9E334C0,122
123,Lislet Geoffroy,LA REUNION,Saint-Denis,97411,FR38001,urbaine,"Pollution de fond, trafic routier et embruns marins",Dioxyde d'azote,8,8,µg.m-3,mensuelle,2019-06-01T04:00:00.000Z,2019-07-01T03:59:00.000Z,A,55.4691,-20.8898,55.4691,-20.8898,0101000020E6100000DC4603780BBC4B4016FBCBEEC9E334C0,123
124,Montgaillard,LA REUNION,Saint-Denis,97411,FR38002,périurbaine,Pollution de fond et regionale,Ozone,7,53,µg.m-3,mensuelle,2019-06-01T04:00:00.000Z,2019-07-01T03:59:00.000Z,A,55.4683,-20.9033,55.4684,-20.9033,0101000020E6100000C05B2041F1BB4B40107A36AB3EE734C0,124
125,Joinville,LA REUNION,Saint-Denis,97411,FR38008,urbaine,"Pollution de fond, trafic routier et embruns marins",Monoxyde d'azote,38,3,µg.m-3,mensuelle,2019-06-01T04:00:00.000Z,2019-07-01T03:59:00.000Z,A,55.4539,-20.8846,55.4539,-20.8846,0101000020E6100000C3D32B6519BA4B40A60A462575E234C0,125
126,Joinville,LA REUNION,Saint-Denis,97411,FR38008,urbaine,"Pollution de fond, trafic routier et embruns marins",Dioxyde d'azote,8,8,µg.m-3,mensuelle,2019-06-01T04:00:00.000Z,2019-07-01T03:59:00.000Z,A,55.4539,-20.8846,55.4539,-20.8846,0101000020E6100000C3D32B6519BA4B40A60A462575E234C0,126
127,Joinville,LA REUNION,Saint-Denis,97411,FR38008,urbaine,"Pollution de fond, trafic routier et embruns marins",Ozone,7,44,µg.m-3,mensuelle,2019-06-01T04:00:00.000Z,2019-07-01T03:59:00.000Z,A,55.4539,-20.8846,55.4539,-20.8846,0101000020E6100000C3D32B6519BA4B40A60A462575E234C0,127
128,Joinville,LA REUNION,Saint-Denis,97411,FR38008,urbaine,"Pollution de fond, trafic routier et embruns marins",Dioxyde de soufre,1,1,µg.m-3,mensuelle,2019-06-01T04:00:00.000Z,2019-07-01T03:59:00.000Z,A,55.4539,-20.8846,55.4539,-20.8846,0101000020E6100000C3D32B6519BA4B40A60A462575E234C0,128
129,La Marine,LA REUNION,Sainte-Suzanne,97420,FR38009,industrielle,"Industrielle (ABR), trafic routier et embruns marins",Monoxyde d'azote,38,0,µg.m-3,mensuelle,2019-06-01T04:00:00.000Z,2019-07-01T03:59:00.000Z,A,55.6189,-20.9106,55.6189,-20.9106,0101000020E610000048BF7D1D38CF4B40D3BCE3141DE934C0,129
130,La Marine,LA REUNION,Sainte-Suzanne,97420,FR38009,industrielle,"Industrielle (ABR), trafic routier et embruns marins",Dioxyde d'azote,8,5,µg.m-3,mensuelle,2019-06-01T04:00:00.000Z,2019-07-01T03:59:00.000Z,A,55.6189,-20.9106,55.6189,-20.9106,0101000020E610000048BF7D1D38CF4B40D3BCE3141DE934C0,130
131,La Marine,LA REUNION,Sainte-Suzanne,97420,FR38009,industrielle,"Industrielle (ABR), trafic routier et embruns marins",Dioxyde de soufre,1,1,µg.m-3,mensuelle,2019-06-01T04:00:00.000Z,2019-07-01T03:59:00.000Z,A,55.6189,-20.9106,55.6189,-20.9106,0101000020E610000048BF7D1D38CF4B40D3BCE3141DE934C0,131
132,La Marine,LA REUNION,Sainte-Suzanne,97420,FR38009,industrielle,"Industrielle (ABR), trafic routier et embruns marins",Ozone,7,,µg.m-3,mensuelle,2019-06-01T04:00:00.000Z,2019-07-01T03:59:00.000Z,N,55.6189,-20.9106,55.6189,-20.9106,0101000020E610000048BF7D1D38CF4B40D3BCE3141DE934C0,132
133,Bd Jean Jaures,LA REUNION,Saint-Denis,97411,FR38019,trafic,Trafic routier et embruns marins,Particules PM10,5,,µg.m-3,mensuelle,2019-06-01T04:00:00.000Z,2019-07-01T03:59:00.000Z,N,55.4701,-20.8937,55.4708,-20.8935,0101000020E6100000787AA52C43BC4B40DBF97E6ABCE434C0,133
134,Bd Jean Jaures,LA REUNION,Saint-Denis,97411,FR38019,trafic,Trafic routier et embruns marins,Dioxyde d'azote,8,,µg.m-3,mensuelle,2019-06-01T04:00:00.000Z,2019-07-01T03:59:00.000Z,N,55.4701,-20.8937,55.4708,-20.8935,0101000020E6100000787AA52C43BC4B40DBF97E6ABCE434C0,134
135,Bd Jean Jaures,LA REUNION,Saint-Denis,97411,FR38019,trafic,Trafic routier et embruns marins,Monoxyde d'azote,38,,µg.m-3,mensuelle,2019-06-01T04:00:00.000Z,2019-07-01T03:59:00.000Z,N,55.4701,-20.8937,55.4708,-20.8935,0101000020E6100000787AA52C43BC4B40DBF97E6ABCE434C0,135
136,Joinville,LA REUNION,Saint-Denis,97411,FR38008,urbaine,"Pollution de fond, trafic routier et embruns marins",Particules PM10,5,19,µg.m-3,mensuelle,2019-06-01T04:00:00.000Z,2019-07-01T03:59:00.000Z,A,55.4539,-20.8846,55.4539,-20.8846,0101000020E6100000C3D32B6519BA4B40A60A462575E234C0,136
137,Joinville,LA REUNION,Saint-Denis,97411,FR38008,urbaine,"Pollution de fond, trafic routier et embruns marins","Particules fines PM2,5",6001,7,µg.m-3,mensuelle,2019-06-01T04:00:00.000Z,2019-07-01T03:59:00.000Z,A,55.4539,-20.8846,55.4539,-20.8846,0101000020E6100000C3D32B6519BA4B40A60A462575E234C0,137
138,Lislet Geoffroy,LA REUNION,Saint-Denis,97411,FR38001,urbaine,"Pollution de fond, trafic routier et embruns marins",Monoxyde d'azote,38,3,µg.m-3,mensuelle,2019-07-01T04:00:00.000Z,2019-08-01T03:59:00.000Z,A,55.4691,-20.8898,55.4691,-20.8898,0101000020E6100000DC4603780BBC4B4016FBCBEEC9E334C0,138
139,Lislet Geoffroy,LA REUNION,Saint-Denis,97411,FR38001,urbaine,"Pollution de fond, trafic routier et embruns marins",Particules PM10,5,11,µg.m-3,mensuelle,2019-07-01T04:00:00.000Z,2019-08-01T03:59:00.000Z,A,55.4691,-20.8898,55.4691,-20.8898,0101000020E6100000DC4603780BBC4B4016FBCBEEC9E334C0,139
140,Lislet Geoffroy,LA REUNION,Saint-Denis,97411,FR38001,urbaine,"Pollution de fond, trafic routier et embruns marins",Dioxyde d'azote,8,11,µg.m-3,mensuelle,2019-07-01T04:00:00.000Z,2019-08-01T03:59:00.000Z,A,55.4691,-20.8898,55.4691,-20.8898,0101000020E6100000DC4603780BBC4B4016FBCBEEC9E334C0,140
141,Montgaillard,LA REUNION,Saint-Denis,97411,FR38002,périurbaine,Pollution de fond et regionale,Ozone,7,49,µg.m-3,mensuelle,2019-07-01T04:00:00.000Z,2019-08-01T03:59:00.000Z,A,55.4683,-20.9033,55.4684,-20.9033,0101000020E6100000C05B2041F1BB4B40107A36AB3EE734C0,141
142,Joinville,LA REUNION,Saint-Denis,97411,FR38008,urbaine,"Pollution de fond, trafic routier et embruns marins",Monoxyde d'azote,38,4,µg.m-3,mensuelle,2019-07-01T04:00:00.000Z,2019-08-01T03:59:00.000Z,A,55.4539,-20.8846,55.4539,-20.8846,0101000020E6100000C3D32B6519BA4B40A60A462575E234C0,142
143,Joinville,LA REUNION,Saint-Denis,97411,FR38008,urbaine,"Pollution de fond, trafic routier et embruns marins",Dioxyde d'azote,8,9,µg.m-3,mensuelle,2019-07-01T04:00:00.000Z,2019-08-01T03:59:00.000Z,A,55.4539,-20.8846,55.4539,-20.8846,0101000020E6100000C3D32B6519BA4B40A60A462575E234C0,143
144,Joinville,LA REUNION,Saint-Denis,97411,FR38008,urbaine,"Pollution de fond, trafic routier et embruns marins",Ozone,7,43,µg.m-3,mensuelle,2019-07-01T04:00:00.000Z,2019-08-01T03:59:00.000Z,A,55.4539,-20.8846,55.4539,-20.8846,0101000020E6100000C3D32B6519BA4B40A60A462575E234C0,144
145,Joinville,LA REUNION,Saint-Denis,97411,FR38008,urbaine,"Pollution de fond, trafic routier et embruns marins",Dioxyde de soufre,1,1,µg.m-3,mensuelle,2019-07-01T04:00:00.000Z,2019-08-01T03:59:00.000Z,A,55.4539,-20.8846,55.4539,-20.8846,0101000020E6100000C3D32B6519BA4B40A60A462575E234C0,145
146,La Marine,LA REUNION,Sainte-Suzanne,97420,FR38009,industrielle,"Industrielle (ABR), trafic routier et embruns marins",Monoxyde d'azote,38,1,µg.m-3,mensuelle,2019-07-01T04:00:00.000Z,2019-08-01T03:59:00.000Z,A,55.6189,-20.9106,55.6189,-20.9106,0101000020E610000048BF7D1D38CF4B40D3BCE3141DE934C0,146
147,La Marine,LA REUNION,Sainte-Suzanne,97420,FR38009,industrielle,"Industrielle (ABR), trafic routier et embruns marins",Dioxyde d'azote,8,6,µg.m-3,mensuelle,2019-07-01T04:00:00.000Z,2019-08-01T03:59:00.000Z,A,55.6189,-20.9106,55.6189,-20.9106,0101000020E610000048BF7D1D38CF4B40D3BCE3141DE934C0,147
148,La Marine,LA REUNION,Sainte-Suzanne,97420,FR38009,industrielle,"Industrielle (ABR), trafic routier et embruns marins",Dioxyde de soufre,1,1,µg.m-3,mensuelle,2019-07-01T04:00:00.000Z,2019-08-01T03:59:00.000Z,A,55.6189,-20.9106,55.6189,-20.9106,0101000020E610000048BF7D1D38CF4B40D3BCE3141DE934C0,148
149,La Marine,LA REUNION,Sainte-Suzanne,97420,FR38009,industrielle,"Industrielle (ABR), trafic routier et embruns marins",Ozone,7,,µg.m-3,mensuelle,2019-07-01T04:00:00.000Z,2019-08-01T03:59:00.000Z,N,55.6189,-20.9106,55.6189,-20.9106,0101000020E610000048BF7D1D38CF4B40D3BCE3141DE934C0,149
150,Bd Jean Jaures,LA REUNION,Saint-Denis,97411,FR38019,trafic,Trafic routier et embruns marins,Particules PM10,5,,µg.m-3,mensuelle,2019-07-01T04:00:00.000Z,2019-08-01T03:59:00.000Z,N,55.4701,-20.8937,55.4708,-20.8935,0101000020E6100000787AA52C43BC4B40DBF97E6ABCE434C0,150
151,Bd Jean Jaures,LA REUNION,Saint-Denis,97411,FR38019,trafic,Trafic routier et embruns marins,Dioxyde d'azote,8,,µg.m-3,mensuelle,2019-07-01T04:00:00.000Z,2019-08-01T03:59:00.000Z,N,55.4701,-20.8937,55.4708,-20.8935,0101000020E6100000787AA52C43BC4B40DBF97E6ABCE434C0,151
152,Bd Jean Jaures,LA REUNION,Saint-Denis,97411,FR38019,trafic,Trafic routier et embruns marins,Monoxyde d'azote,38,,µg.m-3,mensuelle,2019-07-01T04:00:00.000Z,2019-08-01T03:59:00.000Z,N,55.4701,-20.8937,55.4708,-20.8935,0101000020E6100000787AA52C43BC4B40DBF97E6ABCE434C0,152
153,Joinville,LA REUNION,Saint-Denis,97411,FR38008,urbaine,"Pollution de fond, trafic routier et embruns marins",Particules PM10,5,19,µg.m-3,mensuelle,2019-07-01T04:00:00.000Z,2019-08-01T03:59:00.000Z,A,55.4539,-20.8846,55.4539,-20.8846,0101000020E6100000C3D32B6519BA4B40A60A462575E234C0,153
154,Joinville,LA REUNION,Saint-Denis,97411,FR38008,urbaine,"Pollution de fond, trafic routier et embruns marins","Particules fines PM2,5",6001,8,µg.m-3,mensuelle,2019-07-01T04:00:00.000Z,2019-08-01T03:59:00.000Z,A,55.4539,-20.8846,55.4539,-20.8846,0101000020E6100000C3D32B6519BA4B40A60A462575E234C0,154
155,Lislet Geoffroy,LA REUNION,Saint-Denis,97411,FR38001,urbaine,"Pollution de fond, trafic routier et embruns marins",Monoxyde d'azote,38,,µg.m-3,mensuelle,2019-08-01T04:00:00.000Z,2019-09-01T03:59:00.000Z,N,55.4691,-20.8898,55.4691,-20.8898,0101000020E6100000DC4603780BBC4B4016FBCBEEC9E334C0,155
156,Lislet Geoffroy,LA REUNION,Saint-Denis,97411,FR38001,urbaine,"Pollution de fond, trafic routier et embruns marins",Particules PM10,5,,µg.m-3,mensuelle,2019-08-01T04:00:00.000Z,2019-09-01T03:59:00.000Z,N,55.4691,-20.8898,55.4691,-20.8898,0101000020E6100000DC4603780BBC4B4016FBCBEEC9E334C0,156
157,Lislet Geoffroy,LA REUNION,Saint-Denis,97411,FR38001,urbaine,"Pollution de fond, trafic routier et embruns marins",Dioxyde d'azote,8,,µg.m-3,mensuelle,2019-08-01T04:00:00.000Z,2019-09-01T03:59:00.000Z,N,55.4691,-20.8898,55.4691,-20.8898,0101000020E6100000DC4603780BBC4B4016FBCBEEC9E334C0,157
158,Montgaillard,LA REUNION,Saint-Denis,97411,FR38002,périurbaine,Pollution de fond et regionale,Ozone,7,55,µg.m-3,mensuelle,2019-08-01T04:00:00.000Z,2019-09-01T03:59:00.000Z,A,55.4683,-20.9033,55.4684,-20.9033,0101000020E6100000C05B2041F1BB4B40107A36AB3EE734C0,158
159,Joinville,LA REUNION,Saint-Denis,97411,FR38008,urbaine,"Pollution de fond, trafic routier et embruns marins",Monoxyde d'azote,38,3,µg.m-3,mensuelle,2019-08-01T04:00:00.000Z,2019-09-01T03:59:00.000Z,A,55.4539,-20.8846,55.4539,-20.8846,0101000020E6100000C3D32B6519BA4B40A60A462575E234C0,159
160,Joinville,LA REUNION,Saint-Denis,97411,FR38008,urbaine,"Pollution de fond, trafic routier et embruns marins",Dioxyde d'azote,8,10,µg.m-3,mensuelle,2019-08-01T04:00:00.000Z,2019-09-01T03:59:00.000Z,A,55.4539,-20.8846,55.4539,-20.8846,0101000020E6100000C3D32B6519BA4B40A60A462575E234C0,160
161,Joinville,LA REUNION,Saint-Denis,97411,FR38008,urbaine,"Pollution de fond, trafic routier et embruns marins",Ozone,7,48,µg.m-3,mensuelle,2019-08-01T04:00:00.000Z,2019-09-01T03:59:00.000Z,A,55.4539,-20.8846,55.4539,-20.8846,0101000020E6100000C3D32B6519BA4B40A60A462575E234C0,161
162,Joinville,LA REUNION,Saint-Denis,97411,FR38008,urbaine,"Pollution de fond, trafic routier et embruns marins",Dioxyde de soufre,1,2,µg.m-3,mensuelle,2019-08-01T04:00:00.000Z,2019-09-01T03:59:00.000Z,A,55.4539,-20.8846,55.4539,-20.8846,0101000020E6100000C3D32B6519BA4B40A60A462575E234C0,162
163,La Marine,LA REUNION,Sainte-Suzanne,97420,FR38009,industrielle,"Industrielle (ABR), trafic routier et embruns marins",Monoxyde d'azote,38,1,µg.m-3,mensuelle,2019-08-01T04:00:00.000Z,2019-09-01T03:59:00.000Z,A,55.6189,-20.9106,55.6189,-20.9106,0101000020E610000048BF7D1D38CF4B40D3BCE3141DE934C0,163
164,La Marine,LA REUNION,Sainte-Suzanne,97420,FR38009,industrielle,"Industrielle (ABR), trafic routier et embruns marins",Dioxyde d'azote,8,6,µg.m-3,mensuelle,2019-08-01T04:00:00.000Z,2019-09-01T03:59:00.000Z,R,55.6189,-20.9106,55.6189,-20.9106,0101000020E610000048BF7D1D38CF4B40D3BCE3141DE934C0,164
165,La Marine,LA REUNION,Sainte-Suzanne,97420,FR38009,industrielle,"Industrielle (ABR), trafic routier et embruns marins",Dioxyde de soufre,1,0,µg.m-3,mensuelle,2019-08-01T04:00:00.000Z,2019-09-01T03:59:00.000Z,A,55.6189,-20.9106,55.6189,-20.9106,0101000020E610000048BF7D1D38CF4B40D3BCE3141DE934C0,165
166,La Marine,LA REUNION,Sainte-Suzanne,97420,FR38009,industrielle,"Industrielle (ABR), trafic routier et embruns marins",Ozone,7,,µg.m-3,mensuelle,2019-08-01T04:00:00.000Z,2019-09-01T03:59:00.000Z,N,55.6189,-20.9106,55.6189,-20.9106,0101000020E610000048BF7D1D38CF4B40D3BCE3141DE934C0,166
167,Bd Jean Jaures,LA REUNION,Saint-Denis,97411,FR38019,trafic,Trafic routier et embruns marins,Particules PM10,5,,µg.m-3,mensuelle,2019-08-01T04:00:00.000Z,2019-09-01T03:59:00.000Z,N,55.4701,-20.8937,55.4708,-20.8935,0101000020E6100000787AA52C43BC4B40DBF97E6ABCE434C0,167
168,Bd Jean Jaures,LA REUNION,Saint-Denis,97411,FR38019,trafic,Trafic routier et embruns marins,Dioxyde d'azote,8,,µg.m-3,mensuelle,2019-08-01T04:00:00.000Z,2019-09-01T03:59:00.000Z,N,55.4701,-20.8937,55.4708,-20.8935,0101000020E6100000787AA52C43BC4B40DBF97E6ABCE434C0,168
169,Bd Jean Jaures,LA REUNION,Saint-Denis,97411,FR38019,trafic,Trafic routier et embruns marins,Monoxyde d'azote,38,,µg.m-3,mensuelle,2019-08-01T04:00:00.000Z,2019-09-01T03:59:00.000Z,N,55.4701,-20.8937,55.4708,-20.8935,0101000020E6100000787AA52C43BC4B40DBF97E6ABCE434C0,169
170,Joinville,LA REUNION,Saint-Denis,97411,FR38008,urbaine,"Pollution de fond, trafic routier et embruns marins",Particules PM10,5,22,µg.m-3,mensuelle,2019-08-01T04:00:00.000Z,2019-09-01T03:59:00.000Z,A,55.4539,-20.8846,55.4539,-20.8846,0101000020E6100000C3D32B6519BA4B40A60A462575E234C0,170
171,Joinville,LA REUNION,Saint-Denis,97411,FR38008,urbaine,"Pollution de fond, trafic routier et embruns marins","Particules fines PM2,5",6001,9,µg.m-3,mensuelle,2019-08-01T04:00:00.000Z,2019-09-01T03:59:00.000Z,A,55.4539,-20.8846,55.4539,-20.8846,0101000020E6100000C3D32B6519BA4B40A60A462575E234C0,171
172,Lislet Geoffroy,LA REUNION,Saint-Denis,97411,FR38001,urbaine,"Pollution de fond, trafic routier et embruns marins",Particules PM10,5,,µg.m-3,mensuelle,2019-09-01T04:00:00.000Z,2019-10-01T03:59:00.000Z,N,55.4691,-20.8898,55.4691,-20.8898,0101000020E6100000DC4603780BBC4B4016FBCBEEC9E334C0,172
173,Lislet Geoffroy,LA REUNION,Saint-Denis,97411,FR38001,urbaine,"Pollution de fond, trafic routier et embruns marins",Dioxyde d'azote,8,,µg.m-3,mensuelle,2019-09-01T04:00:00.000Z,2019-10-01T03:59:00.000Z,N,55.4691,-20.8898,55.4691,-20.8898,0101000020E6100000DC4603780BBC4B4016FBCBEEC9E334C0,173
174,Montgaillard,LA REUNION,Saint-Denis,97411,FR38002,périurbaine,Pollution de fond et regionale,Ozone,7,49,µg.m-3,mensuelle,2019-09-01T04:00:00.000Z,2019-10-01T03:59:00.000Z,A,55.4683,-20.9033,55.4684,-20.9033,0101000020E6100000C05B2041F1BB4B40107A36AB3EE734C0,174
175,Joinville,LA REUNION,Saint-Denis,97411,FR38008,urbaine,"Pollution de fond, trafic routier et embruns marins",Monoxyde d'azote,38,3,µg.m-3,mensuelle,2019-09-01T04:00:00.000Z,2019-10-01T03:59:00.000Z,A,55.4539,-20.8846,55.4539,-20.8846,0101000020E6100000C3D32B6519BA4B40A60A462575E234C0,175
176,Joinville,LA REUNION,Saint-Denis,97411,FR38008,urbaine,"Pollution de fond, trafic routier et embruns marins",Dioxyde d'azote,8,8,µg.m-3,mensuelle,2019-09-01T04:00:00.000Z,2019-10-01T03:59:00.000Z,A,55.4539,-20.8846,55.4539,-20.8846,0101000020E6100000C3D32B6519BA4B40A60A462575E234C0,176
177,Joinville,LA REUNION,Saint-Denis,97411,FR38008,urbaine,"Pollution de fond, trafic routier et embruns marins",Ozone,7,43,µg.m-3,mensuelle,2019-09-01T04:00:00.000Z,2019-10-01T03:59:00.000Z,A,55.4539,-20.8846,55.4539,-20.8846,0101000020E6100000C3D32B6519BA4B40A60A462575E234C0,177
178,Joinville,LA REUNION,Saint-Denis,97411,FR38008,urbaine,"Pollution de fond, trafic routier et embruns marins",Dioxyde de soufre,1,1,µg.m-3,mensuelle,2019-09-01T04:00:00.000Z,2019-10-01T03:59:00.000Z,A,55.4539,-20.8846,55.4539,-20.8846,0101000020E6100000C3D32B6519BA4B40A60A462575E234C0,178
179,La Marine,LA REUNION,Sainte-Suzanne,97420,FR38009,industrielle,"Industrielle (ABR), trafic routier et embruns marins",Monoxyde d'azote,38,0,µg.m-3,mensuelle,2019-09-01T04:00:00.000Z,2019-10-01T03:59:00.000Z,A,55.6189,-20.9106,55.6189,-20.9106,0101000020E610000048BF7D1D38CF4B40D3BCE3141DE934C0,179
180,La Marine,LA REUNION,Sainte-Suzanne,97420,FR38009,industrielle,"Industrielle (ABR), trafic routier et embruns marins",Dioxyde d'azote,8,5,µg.m-3,mensuelle,2019-09-01T04:00:00.000Z,2019-10-01T03:59:00.000Z,A,55.6189,-20.9106,55.6189,-20.9106,0101000020E610000048BF7D1D38CF4B40D3BCE3141DE934C0,180
181,La Marine,LA REUNION,Sainte-Suzanne,97420,FR38009,industrielle,"Industrielle (ABR), trafic routier et embruns marins",Dioxyde de soufre,1,1,µg.m-3,mensuelle,2019-09-01T04:00:00.000Z,2019-10-01T03:59:00.000Z,A,55.6189,-20.9106,55.6189,-20.9106,0101000020E610000048BF7D1D38CF4B40D3BCE3141DE934C0,181
182,La Marine,LA REUNION,Sainte-Suzanne,97420,FR38009,industrielle,"Industrielle (ABR), trafic routier et embruns marins",Ozone,7,,µg.m-3,mensuelle,2019-09-01T04:00:00.000Z,2019-10-01T03:59:00.000Z,N,55.6189,-20.9106,55.6189,-20.9106,0101000020E610000048BF7D1D38CF4B40D3BCE3141DE934C0,182
183,Bd Jean Jaures,LA REUNION,Saint-Denis,97411,FR38019,trafic,Trafic routier et embruns marins,Particules PM10,5,,µg.m-3,mensuelle,2019-09-01T04:00:00.000Z,2019-10-01T03:59:00.000Z,N,55.4701,-20.8937,55.4708,-20.8935,0101000020E6100000787AA52C43BC4B40DBF97E6ABCE434C0,183
184,Bd Jean Jaures,LA REUNION,Saint-Denis,97411,FR38019,trafic,Trafic routier et embruns marins,Dioxyde d'azote,8,,µg.m-3,mensuelle,2019-09-01T04:00:00.000Z,2019-10-01T03:59:00.000Z,N,55.4701,-20.8937,55.4708,-20.8935,0101000020E6100000787AA52C43BC4B40DBF97E6ABCE434C0,184
185,Bd Jean Jaures,LA REUNION,Saint-Denis,97411,FR38019,trafic,Trafic routier et embruns marins,Monoxyde d'azote,38,,µg.m-3,mensuelle,2019-09-01T04:00:00.000Z,2019-10-01T03:59:00.000Z,N,55.4701,-20.8937,55.4708,-20.8935,0101000020E6100000787AA52C43BC4B40DBF97E6ABCE434C0,185
186,Joinville,LA REUNION,Saint-Denis,97411,FR38008,urbaine,"Pollution de fond, trafic routier et embruns marins",Particules PM10,5,19,µg.m-3,mensuelle,2019-09-01T04:00:00.000Z,2019-10-01T03:59:00.000Z,A,55.4539,-20.8846,55.4539,-20.8846,0101000020E6100000C3D32B6519BA4B40A60A462575E234C0,186
187,Joinville,LA REUNION,Saint-Denis,97411,FR38008,urbaine,"Pollution de fond, trafic routier et embruns marins","Particules fines PM2,5",6001,7,µg.m-3,mensuelle,2019-09-01T04:00:00.000Z,2019-10-01T03:59:00.000Z,A,55.4539,-20.8846,55.4539,-20.8846,0101000020E6100000C3D32B6519BA4B40A60A462575E234C0,187
